{
  "Sharpe": 0.9981393523281816,
  "Sortino": 1.3703525358253723,
  "MaxDD": 0.04732756197955678,
  "PSR": 0.7546341389158262,
  "DSR": 0.41310375108585135,
  "p_boot": 0.277,
  "n_trials": 10,
  "rho": 0.5,
  "use_ctx": false
}