{
  "Sharpe": 0.9880695705958645,
  "Sortino": 1.3541232147102653,
  "MaxDD": 0.04877694876074271,
  "PSR": 0.7524550885398867,
  "DSR": 0.4103927254810433,
  "p_boot": 0.278,
  "n_trials": 10,
  "rho": 0.5
}