,AAPL,AMZN,MSFT,SPY,TSLA
AAPL,1.0,0.9976779416914884,0.9997228579736797,0.6275363433066692,0.0
AMZN,0.9976779416914884,1.0,0.9977741462845151,0.6515228813996427,0.0
MSFT,0.9997228579736797,0.9977741462845151,1.0,0.6247669505947607,0.0
SPY,0.6275363433066692,0.6515228813996427,0.6247669505947607,1.0,0.0
TSLA,0.0,0.0,0.0,0.0,0.0
