{
  "Sharpe": -0.436027974315123,
  "Sortino": -0.6064875933248324,
  "MaxDD": 0.1487284924669924,
  "PSR": 0.3821223690648456,
  "DSR": 0.11406350312217406,
  "p_boot": 0.627,
  "n_trials": 10,
  "rho": 0.5,
  "use_ctx": true
}