{
  "Sharpe": 1.8645943436643853,
  "Sortino": 2.5836471833141967,
  "MaxDD": 0.03246462444745633,
  "PSR": 0.9021799457567984,
  "DSR": 0.6482609133035606,
  "p_boot": 0.092,
  "n_trials": 10,
  "rho": 0.5
}